{"train_loss": 0.6931471824645996, "epoch": 2, "trainer/global_step": 2149, "_timestamp": 1715086261.975855, "_runtime": 5733.435204029083, "_step": 42}