{"train_loss": 0.006372600793838501, "epoch": 29, "trainer/global_step": 29899, "_timestamp": 1716211668.3697941, "_runtime": 522698.0751490593, "_step": 597}