{"_timestamp": 1712237363.001159, "_runtime": 271.8399178981781, "_step": 3, "train_loss": 0.6931471228599548, "epoch": 4, "trainer/global_step": 99}