{"_timestamp": 1712426325.496429, "_runtime": 482.9471528530121, "_step": 4, "train_loss": 0.6931471228599548, "epoch": 0, "trainer/global_step": 149}