{"train_loss": 0.6931471228599548, "epoch": 9, "trainer/global_step": 199, "_timestamp": 1712235761.3771489, "_runtime": 551.3630459308624, "_step": 3, "_wandb": {"runtime": 550}}