{"train_loss": 0.6931471824645996, "epoch": 29, "trainer/global_step": 29899, "_timestamp": 1715711735.3184378, "_runtime": 368381.32094192505, "_step": 597}