{"train_loss": 0.6931471824645996, "epoch": 0, "trainer/global_step": 149, "_timestamp": 1713465336.3316312, "_runtime": 379.8517360687256, "_step": 2}