{"_timestamp": 1712530099.162449, "_runtime": 561.673868894577, "_step": 200, "train_loss": 0.6931471228599548, "epoch": 9, "trainer/global_step": 9949, "_wandb": {"runtime": 562}}