{"_timestamp": 1712529516.968863, "_runtime": 221.43901896476746, "_step": 9, "train_loss": 0.6931471228599548, "epoch": 0, "trainer/global_step": 399}