{"_timestamp": 1712405280.482583, "_runtime": 166462.45715808868, "_step": 1, "_wandb": {"runtime": 166464}}